1.1	κλυτοφόρμιγγες Δ̣[ιὸς ὑ-
1.2	ψιμέδοντος παρθένοι
1.3	¯˘˘Πι]ε̣ρίδες
1.4	¯¯]ενυφαι[˘˘¯¯
1.5	¯˘˘]ο̣υς ἵνα κ[¯
1.6	¯¯˘]γαίας Ἰσθμί[ας
1.7	¯¯˘]ν, εὐβούλου ν̣[˘¯
1.8	¯˘γαμ]βρὸν Νηρέ[ος
1.9	!˘!!˘!¯!] νάσοιό τʼ ἐϋ-
1.10	!!˘!!˘!!] αν, ἔνθ̣[¯˘¯
1.13	ὦ Πέλοπος λιπαρᾶς
1.14	νάσου θεόδματοι πύλαι
1.19	¯˘¯¯¯˘ὑφʼ ἅρ]μ̣ασιν ἵππους
1.20	οἱ δὲ π]έ̣τ̣οντο ![˘¯¯
1.21	¯˘¯¯]εσσιν ἀν[δρῶν
1.22	¯˘˘¯˘]τον αὐτ[¯
1.23	¯˘¯]ἄλλαισιν[¯¯¯˘¯¯
1.47	˘˘¯¯¯]ν̣ πυκ[ιν¯
1.48	˘˘¯¯]γοὶ κόρ̣[αι
1.49	¯˘˘¯]αγορā
1.50	¯¯]ο̣ μελίφρονος ὕπ̣[νου
1.51	¯˘˘ἁμετ[έραν
1.52	¯¯˘ ἀ̣ρ]χ̣α̣ίαν πόλιν
1.53	¯¯˘¯¯]γ̣οιμεν οἴ-
1.54	κους ἐπʼ]ἀ̣νδ̣ήροις ἁλός
1.55	ὑπό τʼ α]ὐ̣γαῖς ἀελι̣ο̣υ
1.72	¯˘˘¯]σαγόραι
1.73	¯¯Μα]κ̣ελὼ δὲ τ[˘¯¯
1.74	¯˘φιλ]āλάκατος,
1.75	¯¯]δʼ ἐπʼ εὐναῆ [πόρον
1.76	¯¯]α· προσφώνει τέ νιν
1.77	¯˘¯]σαίνουσʼ ὀπί·
1.78	˘˘¯¯μ]ὲν στέρομαι
1.79	˘˘ἀμ]φάκει δύᾳ
1.80	¯˘˘¯π]ενίᾳ
1.81	¯¯˘˘¯]!γετ[!] πάμπα[ν
1.82	¯˘˘¯˘˘]α̣ς
1.83	¯¯˘¯¯¯]ομοι
1.111	 ¯ ˘]αφθε[ ¯ ˘ × ¯ ˘ ˘ ¯ ¯
1.112	 ! ! ς· τριτάτᾳ με[˘ ¯ ¯
1.113	ἁμέρᾳ Μίνως ἀρ[ῇο]ς
1.114	ἤλυθεν αἰολοπρύμνοις
1.115	ναυσὶ πεντήκοντα σὺν Κρητῶν ὁμίλῳ·
1.116	Διὸς εὐκλείου δὲ ϝέκα-
1.117	 τι βαθύζωνον κόραν
1.118	Δεξιθέαν δάμασεν·
1.119	 καί ϝοι λίπεν ἥμισυ λαῶν,
1.120	ἄνδρας ἀρηϊφίλους,
1.121	 τοῖσιν πολύκρημνον χθόνα
1.122	 νείμας ἀποπλ έω ν ᾤχετʼ ἐς 
1.123	 Κνωσὸν ἱμερτὰν πόλιν
1.124	βασιλεὺς Εὐρωπιάδας·
1.125	δεκάτῳ δʼ Εὐξάντιον
1.126	μηνὶ τέ]κʼ εὐπλόκ[αμος
1.127	 νύμφα φερ]εκυδέ[ϊ νάσῳ
1.128	 ¯ ˘ ˘ ¯]πρύτα[νιν
1.129	 δν
1.138	ἄλλα]ξαν θύγατρες
1.139	πόλ[ιν ¯ ¯ ¯]ν βαθυδεί-
1.140	ελον· [ἐκ τᾶ]ς μὲν γένος
1.141	ἔπλε[το καρτε]ρόχειρ
1.142	 Ἀργεῖος [˘ ¯ ˘] λέοντος
1.143	θυμὸ[ν ἔχων], ὁπότε
1.144	 χρεῖ[ός τι συμ]βολοῖ μάχας,
1.145	ποσσί[ν τʼ ἐλα]φρό[ς, π]ατρίων
1.146	 τʼ οὐκ [ἀπόκλαρος κ]αλῶν,
1.147	τόσα Παν[θείδᾳ κλυτό]το-
1.148	 ξος Ἀπό[λλων ὤπασε]ν,
1.149	ἀμφί τʼ ἰατορίᾳ
1.150	ξείνων τε φιλάνορι τιμᾷ·
1.151	εὖ δὲ λαχὼν Χαρίτων
1.152	 πολλοῖς τε θαυμασθεὶς βροτᾶν
1.153	αἰῶνʼ ἔλυσεν, πέντε παῖ-
1.154	 δας μεγαινήτους λιπών.
1.155	τῶν ἕνα ϝοι Κρονίδας
1.156	 ὑψίζυγος Ἰσθμιόνικον
1.157	θῆκεν ἀντʼ εὐεργεσιᾶν, λιπαρῶν τʼ ἄλ-
1.158	λων στεφάνων ἐπίμοιρον.
1.159	φαμὶ καὶ φάσω μέγιστον
1.160	κῦδος ἔχειν ἀρετάν, πλοῦ-
1.161	 τος δὲ καὶ δειλοῖσιν ἀνθρώπων ὁμιλεῖ,
1.162	ἐθέλει δʼ αὔξειν φρένας ἀν-
1.163	 δρός· ὁ δʼ εὖ ἔρδων θεοὺς
1.164	ἐλπίδι κυδροτέρᾳ
1.165	σαίνει κέαρ· εἰ δʼ ὑγιείας
1.166	θνατὸς ἐὼν ἔλαχεν,
1.167	 ζώειν τʼ ἀπʼ οἰκείων ἔχει,
1.168	πρώτοις ἐρίζει· παντί τοι
1.169	 τέρψις ἀνθρώπων βίῳ
1.170	ἕπεται νόσφιν γε νόσων
1.171	 πενίας τʼ ἀμαχάνου.
1.172	ἶσον ὅ τʼ ἀφνεὸς ἱ-
1.173	 μείρει μεγάλων ὅ τε μείων
1.174	παυροτέρων· τὸ δὲ πάν-
1.175	των εὐμαρεῖν οὐδὲν γλυκὺ
1.176	θνατοῖσιν, ἀλλʼ αἰεὶ τὰ φεύ-
1.177	 γοντα δίζηνται κιχεῖν.
1.178	ὅντινα κουφόταται
1.179	 θυμὸν δονέουσι μέριμναι,
1.180	ὅσσον ἂν ζώῃ λάχε τόνδε χρόνον τι-
1.181	 μάν· ἀρετὰ δʼ ἐπίμοχθος
1.182	μέν, τε]λευταθεῖσα δʼ ὀρθῶς
1.183	ἀνδρὶ κ]αὶ εὖτε θάνῃ λεί-
1.184	 πει πο]λυζήλωτον εὐκλείας ἄγαλμα.
2.1	ἄ[ϊξεν ἁ] σεμνοδότειρα Φήμα
2.2	ἐς Κέον ἱεράν, χαριτώ-
2.3	 νυμον φέρουσʼ ἀγγελίαν,
2.4	 ὅτι μ[άχ]ας θρασύχειρος Ἀρ-
2.5	γεῖος ἄρατο νίκαν·
2.6	καλῶν δʼ ἀνέμνασεν, ὅσʼ ἐν κλεεννῷ
2.7	αὐχένι ϝισθμοῦ ζαθέαν
2.8	 λιπόντες Εὐξαντίδα νᾶ-
2.9	 σον ἐπεδείξαμεν ἑβδομή-
2.10	κοντα σὺν στεφάνοισιν.
2.11	καλεῖ δὲ Μοῦσʼ αὐθιγενὴς
2.12	 γλυκεῖαν αὐλῶν καναχάν,
2.13	 γεραίρουσʼ ἐπινικίοις
2.14	 Πανθείδα φίλον υἱόν.
3.1	ἀριστοκάρπου Σικελίας κρέουσαν
3.2	Δάματρα ϝιοστέφανόν τε κούραν
3.3	ὕμνει, γλυκύδωρε Κλειοῖ, θοάς τʼ Ὀ-
3.4	 λυμπιοδρόμους Ἱέρωνος ἵππους.
3.5	σεύον]το γὰρ σὺν ὑπερόχῳ τε Νίκᾳ
3.6	σὺν Ἀγ]λαΐᾳ τε παρʼ εὐρυδίναν
3.7	 Ἀλφ εό ν, τόθι Δ]εινομέν εο ς ἔθηκαν 
3.8	 ὄλβιον [γόνον στεφάνω]ν κυρῆσαι.
3.9	θρόησε δὲ λ[αὸς ἀπείρων·
3.10	ἆ τρισευδαίμ[ων ἀνήρ,
3.11	ὃ παρὰ Ζηνὸς λαχὼν
3.12	 πλείσταρχον Ἑλλάνων γέρας
3.13	οἶδε πυργωθέντα πλοῦτον μὴ μελαμ-
3.14	φαρέϊ κρύπτειν σκότῳ.
3.15	βρύει μὲν ἱερὰ βουθύτοις ἑορταῖς,
3.16	βρύουσι φιλοξενίας ἀγυιαί·
3.17	λάμπει δʼ ὑπὸ μαρμαρυγαῖς ὁ χρυσὸς
3.18	 ὑψιδαιδάλτων τριπόδων σταθέντων
3.19	πάροιθε ναοῦ, τόθι μέγιστον ἄλσος
3.20	Φοίβου παρὰ Κασταλίας ῥεέθροις
3.21	Δελφοὶ διέπουσι. θεόν, θεόν τις
3.22	 ἀγλαϊζέτ ω, ὁ γὰρ ἄριστος ὄλβων. 
3.23	ἐπεί ποτε καὶ δαμασίππου
3.24	 Λυδίας ἀρχαγέταν,
3.25	εὖτε τὰν πεπ[ρωμέναν
3.26	 Ζηνὸς τελε[ιοῦσαι κρίσιν
3.27	Σάρδιες Περσᾶ[ν ἐπορθεῦντο στρ]ατῷ,
3.28	 Κροῖσον ὁ χρυσά[ορος
3.29	φύλαξʼ Ἀπόλλων. [ὁ δʼ ἐς ἄ]ελπτον ἆμαρ
3.30	μολὼν πολυδ[άκρυον] οὐκ ἔμελλε
3.31	μίμνειν ἔτι δ[ουλοσύ]ναν· πυρὰν δὲ
3.32	 χαλκοτειχέος π[ροπάροι]θεν αὐ[λᾶς
3.33	ναήσατʼ, ἔνθα σὺ[ν ἀλόχῳ] τε κεδνᾷ
3.34	σὺν εὐπλοκάμοις τʼ ἐπέβαινʼ ἄλα[στον
3.35	θυγατράσι δυρομέναις· χέρας δʼ ἐς
3.36	 αἰπὺν αἰθέρα σφετέρας ἀείρας
3.37	γέγω]νεν· ὑπέρβιε δαῖμον,
3.38	 ποῦ θεῶν ἐστιν χάρις;
3.39	ποῦ δὲ Λατοίδας ἄναξ;
3.40	πίτνουσ]ιν Ἀλυάττα δόμοι,
3.41	¯˘¯×¯˘¯×] μυρίων
3.42	 ¯˘¯×¯˘¯]ν;
3.43	×¯˘˘×˘˘˘¯˘]ν ἄστυ,
3.44	φοινίσσεται αἵματι χρυσο]δίνας
3.45	Πακτωλός· ἀεικελίως γυναῖκες
3.46	 ἐξ ἐϋκτίτων μεγάρων ἄγονται·
3.47	τὰ πρόσθε δʼ ἐχθρὰ φίλα· θανεῖν γλύκιστον.
3.48	τόσʼ εἶπε, καὶ ἁβροβάταν κέλευσεν
3.49	ἅπτειν ξύλινον δόμον. ἔ[κλαγ]ον δὲ
3.50	παρθένοι, φίλας τʼ ἀνὰ ματρὶ χεῖρας
3.51	ἔβαλλον· ὁ γὰρ προφανὴς θνα-
3.52	 τοῖσιν ἔχθιστος φόνων·
3.53	ἀλλʼ ἐπεὶ δεινοῦ πυρὸς
3.54	 λαμπρὸν διάϊ[σσεν μέ]νος,
3.55	Ζεὺς ἐπιστάσα[ς μελαγκευ]θὲς νέφος
3.56	 σβέννυεν ξανθὰ[ν φλόγα.
3.57	ἄπιστον οὐδέν, ὅ τι θ[εῶν μέ]ριμνα
3.58	τεύχει· τότε Δαλογενὴς Ἀπόλλων
3.59	φέρων ἐς Ὑπερβορέους γέροντα
3.60	σὺν τανισφύροις κατένασσε κούραις
3.61	δι’ εὐσέβειαν, ὅτι μέγιστα θνατῶν.
3.62	ἐς ἀγαθέαν ἀνέπεμψε Πυθώ.
3.63	ὅσοι γε μὲν Ἑλλάδʼ ἔχουσιν, οὔτι[ς,
3.64	 ὦ μεγαίνητε Ἱέρων, θελήσει
3.65	φάμ]εν σέο πλείονα χρυσὸν
3.66	 Λοξί]ᾳ πέμψαι βροτῶν.
3.67	εὖ λέγ]ειν πάρεστιν, ὅσ-
3.68	 τις μὴ φθόνῳ πιαίνεται,
3.69	θεοφι]λῆ φίλιππον ἄνδρʼ ἀρήϊον,
3.70	τεθμ]ίου σκᾶπτρον Διὸς
3.71	ἰοπλό]κων τε μέρο[ς ἔχοντ]α Μουσᾶν·
3.72	ὡς δʼ ἐν] Μαλέᾳ ποτέ, [χεῖμα δαί]μων
3.73	ἐπʼ ἔθ]νος ἐφάμερον α[ἶψʼ ἵησι.
3.74	 καίρι]α σκοπεῖς· βραχ[ὺς ἄμμιν αἰών·
3.75	δολό]εσσα δʼ ἐλπὶς ὑπ[ὸ κέαρ δέδυκεν
3.76	 ἐφαμ]ερίων· ὁ δʼ ἄναξ [Ἀπόλλων
3.77	ὁ βουκό]λος εἶπε Φέρη[τος υἷι·
3.78	θνατὸν εὖντα χρὴ διδύμους ἀέξειν
3.79	 γνώμας, ὅτι τʼ αὔριον ὄψ εα ι 
3.80	μοῦνον ἁλίου φάος,
3.81	 χὥτι πεντήκοντʼ ἔτ εα 
3.82	 ζωὰν βαθύπλουτον τελεῖς.
3.83	ὅσια δρῶν εὔφραινε θυμόν· τοῦτο γὰρ
3.84	 κερδέων ὑπέρτατον.
3.85	 φρον έο ντι συνετὰ γαρύω· βαθὺς μὲν 
3.86	αἰθὴρ ἀμίαντος· ὕδωρ δὲ πόντου
3.87	οὐ σάπεται· εὐφροσύνα δʼ ὁ χρυσός·
3.88	 ἀνδρὶ δʼ οὐ θέμις, πολιὸν π[αρ]έντα
3.889	γῆρας, θάλειαν αὖτις ἀγκομίσσαι
3.90	ἥβαν. ἀρετᾶ[ς γε μ]ὲν οὐ μινύθει
3.91	βροτῶν ἅμα σ[ώμα]τι φέγγος, ἀλλὰ
3.92	 Μοῦσά νιν τρ[έφει]. Ἱέρων, σὺ δʼ ὄλβου
3.93	κάλλιστʼ ἐπεδ[είξ]αο θνατοῖς
3.94	 ἄνθεα· πράξα[ντι] δʼ εὖ
3.95	οὐ φέρει κόσμον σιω-
3.96	 πά· σὺν δʼ ἀλαθείᾳ καλῶν
3.97	καὶ μελιγλώσσου τις ὑμνήσει χάριν
3.98	 Κηΐας ἀηδόνος.
4.1	ἔτι Συρακοσίαν φιλεῖ
4.2	 πόλιν ὁ χρυσοκόμας Ἀπόλλων,
4.3	ἀστύθεμίν θʼ Ἱέρωνα γεραίρει·
4.4	τρίτον γὰρ παρʼ ὀμφα]λὸν ὑψιδείρου χθονὸς
4.5	Πυθιόνικ[ος ἀείδε]ται
4.6	 ὠκυπόδ[ων ἀρετᾶ] σὺν ἵππων.
4.7	έ̣[!!!!] ἁδυεπὴς ἀ[να-
4.8	ξιφόρ]μιγγος Ουρ[αν]ίας ἀλέκτωρ
4.9	!!!!!!]εν· ἀλλʼ ἑκ[όν]τι νόῳ,
4.10	!!!!!ο]υς ἐπέσεισ̣εν ὕμνους
4.11	ἔτι δὲ τέ]τρατον εἴ τις ορ- 
4.12	 !!!!!!!]εἵλκε Δίκ]ας τάλαν[τον
4.13	 Δεινομέν εό ς κʼ ἐγερα[ίρο]μεν υἱόν. 
4.14	πάρεστίν νιν ἀγχιάλοισ[ι Κρίσ]ας μυχοῖς
4.15	μοῦνον ἐπιχθονίων τάδε
4.16	 μησάμενον στεφάνοις ἐρέπτειν
4.17	δύο τʼ Ὀλυμπιονίκας
4.18	ἀείδειν. τί φέρτερον ἢ θεοῖσιν
4.19	φίλον ἐόντα παντο[δα]πῶν
4.20	λαγχάνειν ἄπο μοῖρα[ν ἐσ]θλῶν;
5.1	εὔμοιρε Συρακοσίων
5.2	 ἱπποδινήτων στραταγέ,
5.3	γνώσει μὲν ἰοστεφάνων
5.4	 Μοισᾶν γλυκύδωρον ἄγαλμα, τῶν γε νῦν
5.5	αἴ τις ἐπιχθονίων,
5.6	 ὀρθῶς· φρένα δʼ εὐθύδικον
5.7	ἀτρέμʼ ἀμπαύσας μεριμνᾶν
5.8	 δεῦρʼ ἐπάθρησον νόῳ,
5.9	 ᾗ σὺν Χαρίτεσσι βαθυζώνοις ὑφάνας
5.10	ὕμνον ἀπὸ ζαθέας
5.11	νάσου ξένος ὑμετέραν πέμ-
5.12	 πει κλεεννὰν ἐς πόλιν,
5.13	χρυσάμπυκος Οὐρανίας κλει-
5.14	 νὸς θεράπων· ἐθέλει δὲ
5.15	 γᾶρυν ἐκ στηθ έω ν χέων 
5.16	αἰνεῖν Ἱέρωνα. βαθὺν
5.17	 δʼ αἰθέρα ξουθαῖσι τάμνων
5.18	ὑψοῦ πτερύγεσσι ταχεί-
5.19	 αις αἰετὸς εὐρυάνακτος ἄγγελος
5.20	Ζηνὸς ἐρισφαράγου
5.21	 θαρσεῖ κρατερᾷ πίσυνος
5.22	ἰσχύϊ, πτάσσοντι δʼ ὄρνι-
5.23	 χες λιγύφθογγοι φόβῳ·
5.24	οὔ νιν κορυφαὶ μεγάλας ἴσχουσι γαίας,
5.25	οὐδʼ ἁλὸς ἀκαμάτας
5.26	δυσπαίπαλα κύματα· νωμᾶ-
5.27	 ται δʼ ἐν ἀτρύτῳ χάει
5.28	λεπτότριχα σὺν ζεφύρου πνοι-
5.29	 αῖσιν ἔθειραν ἀρίγνω-
5.30	τος μετʼ ἀνθρώποις ἰδεῖν·
5.31	τὼς νῦν καὶ ἐμοὶ μυρία πάντᾳ κέλευθος
5.32	 ὑμετέραν ἀρετὰν
5.33	ὑμνεῖν, κυανοπλοκάμου θʼ ἕκατι Νίκας
5.34	χαλκεοστέρνου τʼ Ἄρηος,
5.35	Δεινομένευς ἀγέρω-
5.36	 χοι παῖδες· εὖ ἔρδων δὲ μὴ κάμοι θεός.
5.37	ξανθότριχα μὲν Φερένικον
5.38	 Ἀλφεὸν παρʼ εὐρυδίναν
5.39	 πῶλον ἀελλοδρόμαν
5.40	εἶδε νικάσαντα χρυσόπαχυς Ἀώς,
5.41	Πυθῶνί τʼ ἐν ἀγαθέᾳ·
5.42	 γᾷ δʼ ἐπισκήπτων πιφαύσκω·
5.43	οὔπω νιν ὑπὸ προτέρων
5.44	 ἵππων ἐν ἀγῶνι κατέχρανεν κόνις
5.45	πρὸς τέλος ὀρνύμενον·
5.46	 ῥιπᾷ γὰρ ἴσος βορέα
5.47	ὃν κυβερνήταν φυλάσσων
5.48	 ἵεται νεόκροτον
5.49	νίκαν Ἱέρωνι φιλοξείνῳ τιτύσκων.
5.50	 ὄλβιος ᾧτινι θ εὸ ς 
5.51	μοῖράν τε καλῶν ἔπορεν
5.52	 σύν τʼ ἐπιζήλῳ τύχᾳ
5.53	 ἀφν εὸ ν βιοτὰν διάγειν· οὐ 
5.54	 γάρ τις ἐπιχθονίων
5.55	πάντα γʼ εὐδαίμων ἔφυ.
5.56	καὶ μάν π]οτʼ ἐρειψιπύλαν
5.57	 παῖδʼ ἀνίκ]ατον λέγουσιν
5.58	δῦναι Διὸς] ἀργικεραύ-
5.59	 νου δώματα Φερσεφόνας τανισφύρου,
5.60	καρχαρόδοντα κύνʼ ἄ-
5.61	 ξοντʼ ἐς φάος ἐξ Ἀΐδα,
5.62	υἱὸν ἀπλάτοιʼ Ἐχίδνας·
5.63	 ἔνθα δυστάνων βροτῶν
5.64	ψυχὰς ἐδάη παρὰ Κωκυτοῦ ῥεέθροις,
5.65	οἷά τε φύλλʼ ἄνεμος
5.66	Ἴδας ἀνὰ μηλοβότους
5.67	 πρῶνας ἀργηστὰς δονεῖ.
5.68	ταῖσιν δὲ μετέπρεπεν εἴδω-
5.69	 λον θρασυμέμνονος ἐγ-
5.70	χεσπάλου Πορθανίδα·
5.71	τὸν δʼ ὡς ἴδεν Ἀλκμήνιος θαυμαστὸς ἥρως
5.72	 τεύχεσι λαμπόμενον,
5.73	νευρὰν ἐπέβασε λιγυκλαγγῆ κορώνας,
5.74	 χαλκεόκρανον δʼ ἔπειτʼ ἐξ-
5.75	είλετο ϝιὸν ἀνα-
5.76	πτύξας φαρέτρας πῶμα· τῷ δʼ ἐναντία
5.77	ψυχὰ προφάνη Μελεάγρου
5.78	 καί νιν εὖ εἰδὼς προσεῖπεν·
5.79	 υἱὲ Διὸς μεγάλου,
5.80	στᾶθί τʼ ἐν χώρᾳ, γελανώσας τε θυμόν
5.81	μὴ ταΰσιον προΐει
5.82	 τραχὺν ἐκ χειρῶν ὀϊστὸν
5.83	ψυχαῖσιν ἔπι φθιμένων·
5.84	 οὔτοι δέος. ὣς φάτο· θάμβησεν δʼ ἄναξ
5.85	Ἀμφιτρυωνιάδας,
5.86	 εἶπέν τε· τίς ἀθανάτων
5.87	ἢ βροτῶν τοιοῦτον ἔρνος
5.88	 θρέψεν ἐν ποίᾳ χθονί;
5.89	τίς δʼ ἔκτανεν ; ἦ τάχα καλλίζωνος Ἥρα
5.90	κεῖνον ἐφʼ ἁμετέρᾳ
5.91	πέμψει κεφαλᾷ· τὰ δέ που
5.92	 Παλλάδι ξανθᾷ μέλει.
5.93	τὸν δὲ προσέφα Μελέαγρος
5.94	 δακρυόεις· χαλεπὸν
5.95	 θ εῶ ν παρατρέψαι νόον 
5.96	ἄνδρεσσιν ἐπιχθονίοις.
5.97	 καὶ γὰρ ἂν πλάξιππος Οἰνεὺς
5.98	παῦσεν καλυκοστεφάνου
5.99	 σεμνᾶς χόλον Ἀρτέμιδος λευκωλένου
5.100	λισσόμενος πολέων
5.101	 τʼ αἰγῶν θυσίαισι πατὴρ
5.102	καὶ βοῶν φοινικονώτων·
5.103	 ἀλλʼ ἀνίκατον θεὰ
5.104	ἔσχεν χόλον· εὐρυβίαν δʼ ἔσσευε κούρα
5.105	κάπρον ἀναιδομάχαν
5.106	ἐς καλλίχορον Καλυδῶ-
5.107	 νʼ, ἔνθα πλημύρων σθένει
5.108	ὄρχους ἐπέκειρεν ὀδόντι,
5.109	σφάζε τε μῆλα, βροτῶν
5.110	θʼ ὅστις εἰσάνταν μόλοι.
5.111	τῷ δὲ στυγερὰν δῆριν Ἑλλάνων ἄριστοι
5.112	 στασάμεθʼ ἐνδυκέως
5.113	ἓξ ἄματα συνεχέως· ἐπεὶ δὲ δαίμων
5.114	 κάρτος Αἰτωλοῖς ὄρεξεν,
5.115	θάπτομεν οὓς κατέπε-
5.116	 φνεν σῦς ἐριβρύχας ἐπαΐσσων βίᾳ,
5.117	Ἀγκαῖον ἐμῶν τʼ Ἀγέλαον
5.118	 φ[έρτ]ατον κεδνῶν ἀδελφ εῶ ν, 
5.119	 οὓς τέ]κεν ἐν μεγάροις
5.120	πατρὸ]ς Ἀλθαία περικλειτοῖσιν Οἰνέος·
5.121	τῶν δʼ ὤ]λεσε μοῖρʼ ὀλοὰ
5.122	 πλεῦνα]ς· οὐ γάρ πω δαΐφρων
5.123	παῦσεν] χόλον ἀγροτέρα
5.124	 Λατοῦς θυγάτηρ· περὶ δʼ αἴθωνος δορᾶς
5.125	μαρνάμεθʼ ἐνδυκέως
5.126	 Κουρῆσι μενεπτολέμοις·
5.127	ἔνθʼ ἐγὼ πολλοῖς σὺν ἄλλοις
5.128	 Ἴφικλον κατέκτανον
5.129	ἐσθλόν τʼ Ἀφάρητα, θοοὺς μάτρωας· οὐ γὰρ
5.130	καρτερόθυμος Ἄρης
5.131	κρίνει φίλον ἐν πολέμῳ·
5.132	 τυφλὰ δʼ ἐκ χειρῶν βέλη
5.133	ψυχαῖς ἔπι δυσμενέων φοι-
5.134	 τᾷ θάνατόν τε φέρει
5.135	τοῖσιν ἂν δαίμων θέλῃ·
5.136	ταῦτʼ οὐκ ἐπιλεξαμένα
5.137	 Θεστίου κούρα δαΐφρων
5.138	μάτηρ κακόποτμος ἐμοὶ
5.139	 βούλευσεν ὄλεθρον ἀτάρβακτος γυνά·
5.140	καῖέ τε δαιδαλέας
5.141	 ἐκ λάρνακος ὠκύμορον
5.142	φιτρὸν ἀγκλαύσασα, τὸν δὴ
5.143	 μοῖρʼ ἐπέκλωσεν τότε
5.144	ζωᾶς ὅρον ἁμετέρας ἔμμεν. τύχον μὲν
5.145	Δαϊπύλου Κλύμενον
5.146	παῖδʼ ἄλκιμον ἐξεναρί-
5.147	 ζων ἀμώμητον δέμας,
5.148	πύργων προπάροιθε κιχήσας·
5.149	 τοὶ δὲ πρὸς εὐκτιμέναν
5.150	φεῦγον ἀρχαίαν πόλιν
5.151	Πλευρῶνα· μινύνθη δέ μοι ψυχὰ γλυκεῖα,
5.152	 γνῶν δʼ ὀλιγοσθενέων·
5.153	αἰαῖ· πύματον δὲ πνέων δάκρυσα τλ[άμων
5.154	 ἀγλαὰν ἥβαν προλείπων.
5.155	φασὶν ἀδεισιβόαν
5.156	 Ἀμφιτρύωνος παῖδα μοῦνον δὴ τότε
5.157	 τέγξαι βλέφαρον, ταλαπενθ έο ς 
5.158	 πότμον οἰκτίροντα φωτός·
5.159	 καί νιν ἀμειβόμενος
5.160	τοῖʼ ἔφα· θνατοῖσι μὴ φῦναι φέριστον,
5.161	μηδʼ ἀελίου προσιδεῖν
5.162	 φέγγος· ἀλλʼ οὐ γάρ τίς ἐστιν
5.163	πρᾶξις τάδε μυρομένοις,
5.164	 χρὴ κεῖνο λέγειν ὅ,τι καὶ μέλλει τελεῖν.
5.165	ἦ ῥα τις ἐν μεγάροις
5.166	 Οἰνῆος ἀρηϊφίλου
5.167	ἔστιν ἀδμήτα θυγάτρων,
5.168	 σοὶ φυὰν ἀλιγκία;
5.169	τάν κεν λιπαρὰν ἐθέλων θείμαν ἄκοιτιν.
5.170	τὸν δὲ μενεπτολέμου
5.171	ψυχὰ προσέφα Μελεά-
5.172	 γρου· λίπον χλωραύχενα
5.173	ἐν δώμασι Δαϊάνειραν,
5.174	 νῆϊν ἔτι χρυσέας
5.175	Κύπριδος θελξιμβρότου.
5.176	λευκώλενε Καλλιόπα,
5.177	 στᾶσον εὐποίητον ἅρμα
5.178	αὐτοῦ· Δία τε Κρονίδαν
5.179	 ὕμνησον Ὀλύμπιον ἀρχαγὸν θεῶν,
5.180	τόν τʼ ἀκαμαντορόαν
5.181	 Ἀλφ εό ν, Πέλοπός τε βίαν, 
5.182	καὶ Πίσαν, ἔνθʼ ὁ κλεεννὸς
5.183	 ποσσὶ νικάσας δρόμῳ
5.184	 ἦλθ]εν Φερένικος ἐς εὐπύργους Συρακόσ- 
5.185	σας Ἱέρωνι φέρων
5.186	εὐδ]αιμονίας πέταλον.
5.187	 χρὴ δʼ ἀλαθείας χάριν
5.188	αἰνεῖν, φθόνον ἀμφοτέραισιν
5.189	 χερσὶν ἀπωσάμενον,
5.190	εἴ τις εὖ πράσσοι βροτῶν.
5.191	Βοιωτὸς ἀνὴρ τᾷδε φών[ησεν, γλυκειᾶν
5.192	 Ἡσίοδος πρόπολος
5.193	 Μουσᾶν, ὃν ἂν ἀθάνατοι τι[μῶσι, τούτῳ 
5.194	 καὶ βροτῶν φήμαν ἕπ[εσθαι.
5.195	πείθομαι εὐμαρέως
5.196	 εὐκλ έα κελεύθου γλῶσσαν οὐ[κ ἐκτὸς δίκας 
5.197	πέμπειν Ἱέρωνι· τόθεν γὰρ
5.198	 πυθμένες θάλλουσιν ἐσθλ[ῶν,
5.199	 τοὺς ὁ μεγιστοπάτωρ
5.200	Ζεὺς ἀκινήτους ἐν εἰρήν[ᾳ φυλάσσοι.
6.1	Λάχων Διὸς μεγίστου
6.2	λάχε φέρτατον πόδεσσι
6.3	 κῦδος ἐπʼ Ἀλφ εοῦ προχοαῖσ[ι νικῶν, 
6.4	διʼ ὅσσα πάροιθεν
6.5	ἀμπελοτρόφον Κέον
6.6	ἄεισάν ποτʼ Ὀλυμπίᾳ
6.7	 πύξ τε καὶ στάδιον κρατεῦ-
6.8	 σαν] στεφάνοις ἐθείρας
6.9	νεανίαι βρύοντες.
6.10	σὲ δὲ νῦν ἀναξιμόλπου
6.11	Οὐρανίας ὕμνος ἕκατι νίκ[ας
6.12	Ἀριστομένειον
6.13	 ὦ ποδάνεμον τέκος,
6.14	γεραίρει προδόμοις ἀοι-
6.15	δαῖς, ὅτι στάδιον κρατή-
6.16	 σας Κέον εὐκλέϊξας.
7.1	ὦ λιπαρὰ θύγατερ Χρόνου τε κ[αὶ
7.2	Νυκτός, σὲ πεντήκοντα μηνῶν ἁμέραν
7.3	ἑκκαιδεκάταν ἐν Ὀλυμπ[ίᾳ ˘¯
7.4	!!!]β̣αρυβρ[!!!!!!!!!!!!!] ἕκατι
7.5	!!!]ι̣τοσαιμα̣[
7.6	κρίνειν τα[χυτᾶτά τε] λαιψηρῶν ποδῶν
7.7	Ἕλλασι καὶ γυίων ἀρισταλκὲς σθένος·
7.8	ᾧ δὲ σὺ πρεσβύτατον νείμῃς γέρας
7.9	νίκας ἐπʼ ἀνθρώποισιν εὔδοξος κέκλη-
7.10	ται καὶ πολυζήλωτος. Ἀρ[ιστομένει]ον
7.11	νῦν γ]ʼ ἐκόσμη[σας στε]φάν[οισι Λάχω]να
8.17	Πυθῶνά τε μηλοθύταν
8.18	 ὑμν έω ν Νεμέαν τε καὶ Ἰσθμόν· 
8.19	 γᾷ δʼ ἐπισκήπτων χέρα
8.20	κομπάσομαι· σὺν ἀλα-
8.21	θείᾳ δὲ πᾶν λάμπει χρέος·
8.22	οὔτις ἀνθρώπων κ[αθʼ Ἕλλα-
8.23	νας ἐν ἅλικι χρόνῳ
8.24	 παῖς ἐὼ ν ἀνήρ τε π[λεῦ- 
8.25	νας ἐδέξατο νίκας.
8.26	ὦ Ζεῦ κεραυνεγχές, κα[ὶ ἐπʼ ἀργυ]ροδίνα
8.27	 ὄχθαισιν Ἀλφειοῦ τέλεσσ[ας μεγ]αλοκλ έα ς 
8.28	 θ εο δότους εὐχάς, περὶ κ[ρατί τʼ ὄ]πα[σσα]ς 
8.29	 γλαυκὸν Αἰτωλίδος
8.30	ἄνδημʼ ἐλαίας
8.31	ἐν Πέλοπος Φρυγίου
8.32	 κλεινοῖς ἀέθλοις.
9.1	δόξαν, ὦ χρυσαλάκατοι Χάριτες,
9.2	πεισίμβροτον δοίητʼ, ἐπεὶ
9.3	Μουσᾶν γε ϝιοβλεφάρων θεῖος προφάτας
9.4	εὔτυκος Φλειοῦντά τε καὶ Νεμεαίου
9.5	Ζηνὸς εὐθαλὲς πέδον
9.6	ὑμνεῖν, ὅθι μηλοδαΐκταν
9.7	θρέψεν ἁ λευκώλενος
9.8	Ἥρα περικλειτῶν ἀέθλων
9.9	πρῶτον Ἡρακλεῖ βαρύφθογγον λέοντα.
9.10	κεῖ[θι φοι]νικάσπιδες ἡμίθεοι
9.11	πρώτιστον Ἀργείων κριτοὶ
9.12	ἄθλησαν ἐπʼ Ἀρχεμόρῳ, τὸν ξανθοδερκὴς
9.13	πέφνʼ ἀωτεύοντα δράκων ὑπέροπλος,
9.14	σᾶμα μέλλοντος φόνου.
9.15	ὦ μοῖρα πολυκρατές· οὔ νιν
9.16	πεῖθʼ Ὀϊκλείδας πάλιν
9.17	στείχειν ἐς εὐάνδρους ἀγυιάς.
9.18	ἐλπὶς ἀνθρώπων ὑφαιρ[εῖται νόημ]α
9.19	ἃ καὶ τότʼ Ἄδραστον Ταλ[αϊονίδαν
9.20	πέμπεν ἐς Θήβας Πολυνείκεϊ πλα[γκτῷ] πρόξεν[ον.
9.21	κείνων ἀπʼ εὐδόξων ἀγώνων
9.22	 ἐν Νεμ έᾳ κλεινοὶ βροτῶν 
9.23	οἳ τριέτει στεφάνῳ
9.24	 ξανθὰν ἐρέψωνται κόμαν.
9.25	Αὐτομήδει νῦν γε νικά-
9.26	 σαντί νιν δαίμων ἔδωκεν.
9.27	πενταέθλοισιν γὰρ ἐνέπρεπεν ὡς
9.28	ἄστρων διακρίνει φάη
9.29	νυκτὸς διχομήνιδος εὐφεγγὴς σελάνα·
9.30	τοῖος Ἑλλάνων διʼ ἀπείρονα κύκλον
9.31	φαῖνε θαυμαστὸν δέμας,
9.32	δισκὸν τροχοειδέα ῥίπτων,
9.33	καὶ μελαμφύλλου κλάδον
9.34	 ἀκτ έα ς ἐς αἰπεινὰν προπέμπων 
9.35	αἰθέρʼ ἐκ χειρὸς βοὰν ὤτρυνε λαῶν,
9.36	ἢ τελευταίας ἀμάρυγμα πάλας·
9.37	τοιῷ[δʼ ὑπερθύ]μῳ σ[θένε]ι
9.38	γυια[λκέα σώ]ματα [πρὸς γ]αίᾳ πελάσσας
9.39	ἵκετʼ [Ἀσωπὸ]ν παρὰ πορφυροδίναν,
9.40	τοῦ κ[λέος π]ᾶσαν χθόνα
9.41	ἦλθε[ν καὶ] ἐπʼ ἔσχατα Νείλου·
9.42	ταί τʼ ἐπʼ ε[ὐν]αεῖ πόρῳ
9.43	 οἰκεῦσι Θερμώδοντος, ἐγχ έω ν 
9.44	ἵστορες κοῦραι διωξίπποιʼ Ἄρηος,
9.45	σῶν, ὦ πολυζήλωτε ϝάναξ ποταμῶν,
9.46	ἐγγόνων γεύσαντο, καὶ ὑψιπύλου Τροίας ἕδος.
9.47	στείχει διʼ εὐρείας κελεύθου
9.48	 μυρία παντᾷ φάτις
9.49	σᾶς γενεᾶς λιπαρο-
9.50	ζώνων θυγάτρων, ἃς θεοὶ
9.51	σὺν τύχαις ᾤκισσαν ἀρχα-
9.52	 γοὺς ἀπορθήτων ἀγυιᾶν.
9.53	τίς γὰρ οὐκ οἶδεν κυανοπλοκάμου
9.54	Θήβας ἐΰδμ[ατον πόλι]ν,
9.55	ἢ τὰν μεγαλώνυ]μον Αἴγιναν, μεγίστου
9.56	Ζηνὸς ἃ πλαθεῖσα λέ]χει τέκεν ἥρω
9.57	¯ δ̣ε̣σ̣ω̣ ¯ ¯ ου·
9.58	ὃς γ]ᾶς βασά[νοισιν Ἀχ]αιῶν
9.59	¯ ˘ ¯ × ¯ ˘ ¯
9.60	¯ ¯ ˘ ¯ ¯ ¯ ˘ ¯ ¯
9.61	α[˘ ¯ ¯ ¯ ˘ ε]ὔπ[ε]πλον [
9.62	ἠ[δὲ Πειράν]αν ἑλικοστέφα[νον
9.63	κ[ούραν, ὅ]σαι τʼ ἄλλαι θεῶν
9.64	ε̣[ὐναῖς ἐδ]άμησαν ἀριγνώτοις π[α]λαι[οῦ
9.65	παῖδες αἰ]δ̣οῖαι ποταμοῦ κελάδοντος·
9.66	¯˘¯¯]αν πόλιν
9.67	¯¯˘˘¯]σί τε νίκα[ς
9.68	¯˘¯ αὐ]λῶν βοαὶ
9.69	σύμφωνα πνείο]υσαι· με[γίστου
9.70	¯˘¯¯¯˘¯¯¯˘¯]α̣ν·
9.71	¯¯˘¯¯¯˘˘¯˘]νέος
9.72	χρ]υσέα[ν προσ]θέντα ϝιόπλοκον εὖ εἰπεῖν [κόραν,
9.73	καὶ μ]ατ[έρʼ ἀγ]νάμπτων ἐρώτων
9.74	¯ ˘ ¯ κλε]ινὰν βροτο[ῖς
9.75	¯ ˘ ˘ ¯ ˘]λέων
9.76	 ¯ ¯ ˘ ¯ ¯ ¯ ˘ ¯
9.77	¯ ˘ ¯ νασι]ώταν
9.78	 ¯ ˘ ¯ ¯ ¯ ˘]ν ὕμνον,
9.79	¯ ˘ ¯ ¯ ¯] καὶ ἀποφθιμένῳ
9.80	τὸν πάντʼ ἐς ἄτ]ρυτον χρόνον,
9.81	καὶ τοῖς ἐπιγ]ιγνομένοις αἰεὶ πιφαύσκοι
9.82	σὰν Νε]μέᾳ νίκαν· τό [γέ] τοι καλὸν ἔργον
9.83	γνησίων ὕμνων τυχὸν
9.84	ὑψοῦ παρὰ δαίμοσι κεῖται·
9.85	σὺν δʼ ἀλαθείᾳ βροτῶν
9.86	κάλλιστον, εἴπ[ερ καὶ θάνῃ τις,
9.87	λείπεται Μουσᾶν [˘¯¯¯ ἄθυ]ρμα.
9.88	εἰσὶ δʼ ἀνθρ[ώπων ˘˘¯˘˘¯
9.89	 πολλαί· διακρίνει δὲ θ εῶ ν 
9.90	βουλὰ [τὸ καλυπτό]μενον νυκτὸς [δνόφοισιν·
9.91	!]!!![˘¯¯¯˘]γε καὶ τὸν ἀρείω
9.92	¯˘¯¯¯˘]που.
9.93	¯¯˘˘¯˘˘]εύσων
9.94	¯˘¯¯¯˘¯
9.95	¯¯˘¯¯¯˘ π]αύροις
9.96	ἀν]δρ[άσιν ¯¯˘¯¯¯]ι̣ τὸ μέλλον·
9.97	!!]ι̣μιω̣[¯¯˘ ἔδ]ωκε χάριν
9.98	κ]αὶ Διων[ύσου Κρονίδας] θεοτίματον πόλιν
9.99	ναίειν ἀπο[ρθήτους θαλ]εῦντας·
9.100	χρυσεοσκάπτρ[ου Διὸς
9.101	ὅς] τι καλὸν φέ[ρεται,
9.102	 πᾶς αἰ]νέοι· Τιμοξ[ένου
9.103	πα]ιδὶ σὺν κώ[μοις ἁμαρ-
9.104	 τ[έ]ο]ιτε πεντ[άθλου ϝέκατι.
10.1	Φή]μα, σὺ γ[ὰ]ρ ἀ[γγελίαις θνατῶν ἐπ]οιχνεῖς
10.2	φῦ]λα, καὶ πᾶ[!¯˘¯×
10.3	!!!!!]μ̣εαλμει̣[˘˘¯
10.4	!!!!!]πὸ κεύ[˘˘¯×
10.5	!!!!]νωνται [¯˘¯¯
10.6	¯˘]!!ῳ ξ[υν]όν, ὅ,τι χρυ[σέαν ˘˘¯
10.7	ο[!!!] ὀφθαλμοῖσι Ν[ίκαν
10.8	π[αῦλ]αν ἀπράκταν [!!!!![
10.9	Ἀ[γλ]αῷ καὶ νῦν κασιγνήτας ἀκοίτας
10.10	νασιῶτιν ἐκίνησεν λιγύφθογγον μέλισσαν,
10.11	ἀχ]ειρὲς ἵνʼ ἀθάνατον Μουσᾶν ἄγαλμα
10.12	ξυνὸν ἀνθρώποισιν εἴη
10.13	χάρμα, τεὰν ἀρετὰν
10.14	μανῦον ἐπιχθονίοισιν,
10.15	ὁσσάκις Νίκας ἕκατι
10.16	ἄνθεσι ξανθὰν ἀναδησάμενος κεφαλὰν
10.17	κῦδος εὐρείαις Ἀθάναις
10.18	θῆκας Οἰνείδαις τε δόξαν.
10.19	ἐν Ποσειδᾶνος περικλειτοῖς ἀέθλοις
10.20	εὐθὺς ἔνδειξ]ας Ἕλλασιν ποδῶν ὁρμὰν ταχεῖαν·
10.21	δεύτερον δʼ οὔ]ροισιν ἔπι σταδίου,
10.22	θερμ[ὰν ἔτι] πνέων ἄελλαν,
10.23	ἔστα[· βρέχω]ϝ̣ δʼ ᾆξʼ αὖτε θατήρων ἐλαίῳ
10.24	φάρε[ʼ ἐς εὔθροο]ν ἐμπίτνων ὅμιλον,
10.25	τετρ[αέλικτο]ν ἐπεὶ
10.26	κάμ[ψεν δρό]μον. Ἰσθμιονίκαν
10.27	δίς ν[ιν ἀγκ]άρυξαν εὐβού-
10.28	 λων [ἀεθλάρχ]ων προφᾶται·
10.29	δὶς δʼ ἐ[ν Νεμέ]ᾳ Κρονίδα Ζηνὸς παρʼ ἁγνὸν
10.30	βωμό[ν· ἁ κλει]νά τε Θήβα
10.31	δέκτ[ό νιν ε]ὐρύχορόν
10.32	τʼ Ἄργο[ς Σικυώ]ν τε κατʼ αἶσαν·
10.33	οἵ τε Π[ελλάν]αν νέμονται,
10.34	ἀμφί τʼ Εὔβοιαν πολ[υλάϊο]ν, οἵ θʼ ἱερὰν
10.35	νᾶσο[ν Αἴγιν]αν. ματεύει
10.36	δʼ ἄλλ[ος ἀλλοί]αν κέλευθον,
10.37	ἅντι[να στείχ]ων ἀριγνώτοιο δόξας
10.38	τεύξεται. μυρίαι δʼ ἀνδρῶν ἐπιστᾶμαι πέλονται·
10.39	ἢ γὰρ σοφὸς ἢ Χαρίτων τιμᾶν λελογχὼς
10.40	 ἐλπίδι χρυ εῳ τέθαλεν· 
10.41	ἤ τινα θευπροπίαν
10.42	εἰδώς· ἕτερος δʼ ἐπὶ πάσι
10.43	ποικίλον τόξον τιταίνει·
10.44	οἱ δʼ ἐπʼ ἔργοισίν τε καὶ ἀμφὶ βοῶν ἀγέλαις
10.45	θυμὸν αὔξουσιν· τὸ μέλλον
10.46	δʼ ἀκρίτους τίκτει τελευτάς,
10.47	πᾷ τύχα βρίσει. τὸ μὲν κάλλιστον, ἐσθλὸν
10.48	ἄνδρα πολλῶν ὑπʼ ἀνθρώπων πολυζήλωτον εἶμεν·
10.49	οἶδα καὶ πλούτου μεγάλαν δύνασιν,
10.50	ἃ καὶ τὸν ἀχρεῖον τί[θησ]ι
10.51	χρηστόν. τί μακρὰν γλῶσσαν ἰθύσας ἐλαύνω
10.52	ἐκτὸς ὁδοῦ ; πέφαται θνατοῖσι νίκας
10.53	ὕστε]ρον εὐφροσύνα·
10.54	αὐλῶν [δὲ ˘¯˘˘¯¯
10.55	μειγν̣[υτ¯¯˘¯¯
10.56	χρή τιν[¯¯¯˘¯¯
11.1	Νίκα [γλυκύδωρε, μεγίσταν
11.2	 σοὶ πατ[ὴρ ὤπασσε τιμὰν
11.3	ὑψίζυγ[ος Οὐρανιδᾶν
11.4	 ἐν πολυχρύσῳ δʼ Ὀλύμπῳ
11.5	Ζηνὶ παρισταμένα
11.6	 κρίνεις τέλος ἀθανάτοι-
11.7	 σίν τε καὶ θνατοῖς ἀρετᾶς.
11.8	ἔλλαθι, [βαθυ]πλοκάμου
11.9	κούρα [Στυγὸς ὀρ]θοδίκου· σέθεν δʼ ἕκατι
11.10	καὶ νῦν Μεταπόντιον εὐ-
11.11	 γυίων [κατέχ]ουσι νέων
11.12	 κῶμοί τε καὶ εὐφροσύναι θ εό τιμον ἄστυ· 
11.13	ὑμνεῦσι δὲ Πυθιόνικον
11.14	 παῖδα θαητὸν Φαΐσκου.
11.15	 ἵλ εῳ νιν ὁ Δαλογενὴς υἱ- 
11.16	 ὸς βαθυζώνοιο Λατοῦς
11.17	δέκτο βλεφάρῳ· πολέες
11.18	 δʼ ἀμφʼ Ἀλεξίδαμον ἀνθ έω ν 
11.19	ἐν πεδίῳ στέφανοι
11.20	Κίρρας ἔπεσον κρατερᾶς
11.21	 ἦρα παννίκοιο πάλας·
11.22	οὐκ εἶδέ νιν ἀέλιος
11.23	κείνῳ γε σὺν ἄματι πρὸς γαίᾳ πεσόντα.
11.24	φάσω δὲ καὶ ἐν ζαθέοις
11.25	ἁγνοῦ Πέλοπος δαπέδοις
11.26	 Ἀλφ εὸ ν παρὰ καλλιρόαν, δίκας κέλευθον 
11.27	εἰ μή τις ἀπέτραπεν ὀρθᾶς,
11.28	 παγξένῳ χαίταν ἐλαίᾳ
11.29	γλαυκᾷ στεφανωσάμενον
11.30	πορτιτρόφ[ον ἂν πεδίον πάτ]ραν θʼ ἱκέσθαι.
11.31	[οὔ τι δόλος κακόφρων]
11.32	παῖδʼ ἐν χθονὶ καλλιχόρῳ
11.33	ποικίλαις τέχναις πέλασσεν·
11.34	ἀλλʼ ἢ θεὸς αἴτιος, ἢ
11.35	γνῶμαι πολύπλαγκτοι βροτῶν
11.36	 ἄ]μερσαν ὑπέρτατον ἐκ χειρῶν γέρας.
11.37	νῦν δʼ Ἄρτεμις ἀγροτέρα
11.38	χρυσαλάκατος λιπαρὰν
11.39	ἡμέ]ρα τοξόκλυτος νίκαν ἔδωκε.
11.40	τᾷ ποτʼ Ἀβαντιάδας
11.41	 βωμὸν κατένασσε πολύλ-
11.42	 λιστον εὔπεπλοί τε κοῦραι·
11.43	τὰς ἐξ ἐρατῶν ἐφόβησεν
11.44	 παγκρατὴς Ἥρα μελάθρων
11.45	Προίτου, παραπλῆγι φρένας
11.46	 καρτερᾷ ζεύξασʼ ἀνάγκᾳ·
11.47	παρθενίᾳ γὰρ ἔτι
11.48	 ψυχᾷ κίον ἐς τέμενος
11.49	 πορφυροζώνοιο θεᾶς·
11.50	φάσκον δὲ πολὺ σφέτερον
11.51	πλούτῳ προφέρειν πατέρα ξανθᾶς παρέδρου
11.52	σεμνοῦ Διὸς εὐρυβία.
11.53	 ταῖσιν δὲ χολωσαμένα
11.54	στήθεσσι παλίντροπον ἔμβαλεν νόημα·
11.55	φεῦγον δʼ ὄρος ἐς τανίφυλλον,
11.56	 σμερδαλ έα ν φωνὰν ἱεῖσαι, 
11.57	Τιρύνθιον ἄστυ λιποῦσαι
11.58	 καὶ θεοδμάτους ἀγυιάς,
11.59	ἤδη γὰρ ἔτος δέκατον
11.60	 θ εο φιλὲς λιπόντες Ἄργος 
11.61	ναῖον ἀδεισιβόαι
11.62	 χαλκάσπιδες ἡμίθεοι
11.63	 σὺν πολυζήλῳ βασιλεῖ.
11.64	νεῖκος γὰρ ἀμαιμάκετον
11.65	βληχρᾶς ἀνέπαλτο κασιγνητοῖς ἀπʼ ἀρχᾶς
11.66	Προίτῳ τε καὶ Ἀκρισίῳ·
11.67	 λαούς τε διχοστασίαις
11.68	ἤρειπον ἀμετροδίκοις μάχαις τε λυγραῖς.
11.69	λίσσοντο δὲ παῖδας Ἄβαντος
11.70	γᾶν πολύκριθον λαχόντας
11.71	Τίρυνθα τὸν ὁπλότερον
11.72	κτίζειν, πρὶν ἐς ἀργαλέαν πεσεῖν ἀνάγκαν·
11.73	Ζεύς τʼ ἔθελεν Κρονίδας,
11.74	τιμῶν Δαναοῦ γενεὰν
11.75	 καὶ διωξίπποιο Λυγκ έο ς, 
11.76	παῦσαι στυγερῶν ἀχέων.
11.77	τεῖχος δὲ Κύκλωπες κάμον
11.78	 ἐλθόντες ὑπερφίαλοι κλεινᾷ πόλει
11.79	κάλλιστον, ἵνʼ ἀντίθεοι
11.80	ναῖον κλυτὸν ἱππόβοτον
11.81	Ἄργος ἥρωες περικλειτοὶ λιπόντες.
11.82	ἔνθεν ἀπεσσύμεναι
11.83	 Προίτου κυανοπλόκαμοι
11.84	 φεῦγον ἄδματοι θύγατρες,
11.85	τὸν δʼ εἷλεν ἄχος κραδίαν, ξεί-
11.86	 να τέ νιν πλᾶξεν μέριμνα·
11.87	δοίαξε δὲ φάσγανον ἄμ-
11.88	 φακες ἐν στέρνοισι πᾶξαι.
11.89	ἀλλά νιν αἰχμοφόροι
11.90	μύθοισί τε μειλιχίοις
11.91	 καὶ βίᾳ χειρῶν κάτεχον.
11.92	τρισκαίδεκα μὲν τελέους
11.93	μῆνας κατὰ δάσκιον ἠλύκταζον ὕλαν
11.94	φεῦγόν τε κατʼ Ἀρκαδίαν
11.95	μηλοτρόφον· ἀλλʼ ὅτε δὴ
11.96	Λοῦσον ποτὶ καλλιρόαν πατὴρ ἵκανεν,
11.97	ἔνθεν χρόα νιψάμενος φοι-
11.98	 νικο[κραδέμνοι]ο Λατοῦς
11.99	κίκλ[ῃσκε θύγατρα] βοῶπιν,
11.100	χεῖρας ἀντείνων πρὸς αὐγὰς
11.101	ἱππώκεος ἀελίου,
11.102	 τέκνα δυστάνοιο λύσσας
11.103	πάρφρονος ἐξαγαγεῖν·
11.104	 θύσω δέ τοι εἴκοσι βοῦς
11.105	ἄζυγας φοινικότριχας.
11.106	τοῦ δʼ ἔκλυʼ ἀριστοπάτρα
11.107	θηροσκόπος εὐχομένου· πιθοῦσα δʼ Ἥραν
11.108	παῦσεν καλυκοστεφάνους
11.109	 κούρας μανιᾶν ἀθέων·
11.110	ταὶ δʼ αὐτίκα ϝοι τέμενος βωμόν τε τεῦχον,
11.111	χραῖνόν τέ μιν αἵματι μήλων
11.112	 καὶ χοροὺς ἵσταν γυναικῶν.
11.113	ἔνθεν καὶ ἀρηϊφίλοις
11.114	 ἄνδρεσσιν ἐς ἱπποτρόφον πόλιν τʼ Ἀχαιοῖς 
11.115	ἕσπεο, σὺν δὲ τύχᾳ
11.116	ναίεις Μεταπόντιον, ὦ
11.117	χρυσέα δέσποινα λαῶν·
11.118	ἄλσος τέ τοι ἱμερόεν
11.119	Κάσαν παρʼ εὔυδρον πρὸ να-
11.120	οῖʼ ἑσσαμένων, Πριάμοιʼ ἐπεὶ χρόνῳ
11.121	βουλαῖσι θεῶν μακάρων
11.122	πέρσαν πόλιν εὐκτιμέναν
11.123	χαλκοθωράκων μετʼ Ἀτρειδᾶν. δικαίας
11.124	ὅστις ἔχει φρένας, εὑ-
11.125	ρήσει σὺν ἅπαντι χρόνῳ
11.126	 μυρίας ἀλκὰς Ἀχαιῶν.
12.1	ὡσεὶ κυβερνήτας σοφός, ὑμνοάνασ-
12.2	 σʼ εὔθυνε Κλειοῖ
12.3	νῦν φρένας ἁμετέρας,
12.4	εἰ δή ποτε καὶ πάρος· ἐς γὰρ ὀλβίαν
12.5	ξείνοισί με πότνια Νίκα
12.6	νᾶσον Αἰγίνας ἀπάρχει
12.7	ἐλθόντα κοσμῆσαι θεόδματον πόλιν·
12.8	τάν τʼ ἐν Νεμέᾳ γυιαλκέα μουνοπάλαν
12.34	ξεινου̣ [!!!!]νιοι αστ[×¯˘¯
12.35	ἀμφικ[τιόν]ω̣ν ἐν ἀέθλοι̣[ς
12.36	σὺν τρι[άκο]ντʼ ἀ̣γλααῖσιν
12.37	νίκαις [ἐκ]ωμάσθησαν οἱ μει̣[¯˘¯,
12.38	οἱ δʼ ἐν Πέλοπος ζ̣α̣θέας
12.39	νάσου π[ι]τυώδεϊ δείρᾳ,
12.40	οἱ δὲ φοινικοστερόπα τεμένει
12.41	 Ζηνὸς Νεμ εαί ου· 
12.42	. . . (.)] ταύτας̣ καὶ ἐπʼ ἀργυροδίνα
13.8	¯ ˘ ˘ ¯ ˘ ˘ ¯ ¯
13.9	¯ ˘ ˘ ¯ ˘ ˘ λειω
13.10	¯ ˘ ˘ ¯ ˘ ˘ ¯ ¯ ´ ̣ ε̣ρ̣[
13.11	¯ ˘ ˘ ¯ ˘ ˘ ¯
13.12	¯ ¯ ˘ ¯ ¯ ¯ ˘ ¯ δαν·
13.44	 ὕβριος ὑψινόου
13.45	παύσει, δίκας θνατοῖσι κραίνων·
13.46	οἵαν τινὰ δύσλοφον ὠ-
13.47	 μηστᾷ λέοντι
13.48	 Περσείδας ἐφίησι ν 
13.49	χεῖρα παντοίαισι τέχναις·
13.50	οὐ γὰρ] δαμασίμβροτος αἴθων
13.51	χαλ]κὸς ἀπλάτου θέλει
13.52	 χωρε]ῖν διὰ σώματος, ἐ-
13.53	 γνάμ]φθη δʼ ὀπίσσω 
13.54	φάσγα]νον· ἦ ποτέ φαμι
13.55	τᾷδε] περὶ στεφάνοισι
13.56	 παγκ]ρατίου πόνον Ἑλ-
13.57	 λάνεσσι]ν ἱδρώεντʼ ἔσεσθαι.
13.58	 ὃς νῦν παρ]ὰ βωμὸν ἀριστάρχου Διὸς 
13.59	Νίκας ἐ]ρ[ικ]υδέος ἀν-
13.60	 δεθε]ῖσιν ἄνθ εα , 
13.61	χρυσέ]αν δόξαν πολύφαντον ἐν αἰ-
13.62	 ῶνι] τρέφει παύροις βροτῶν
13.63	 αἰ]εί, καὶ ὅταν θανάτοιο 
13.64	 κυάν εο ν νέφος καλύψῃ, λείπεται 
13.65	ἀθάνατον κλέος εὖ ἐρ-
13.66	 χθέντος ἀσφαλεῖ σὺν αἴσᾳ.
13.67	τῶν καὶ σὺ τυχὼν Νεμέᾳ,
13.68	 Λάμπωνος υἱέ, 
13.69	 πανθαλ έω ν στεφάνοισιν 
13.70	ἀνθέων] χαίταν ἐρεφθείς,
13.71	!!!!!!] πόλιν ὑψιάγυιαν
13.72	!!!!!!! τε]ρψιμβρότων
13.73	![!!!!!!!!!] ἁβ̣[ροπν]όων
13.74	 κώμων πατρῴαν
13.75	νᾶσον, ὑπέρβιον ἰσχὺν
13.76	παμμαχιᾶν ἀναφαίνων.
13.77	 ὦ ποταμοῦ θύγατερ
13.78	 δινᾶντος Αἴγινʼ ἠπιόφρον, 
13.79	ἦ τοι μεγάλαν [Κρονίδας
13.80	ἔδωκε τιμὰν
13.81	ἐν πάντεσσιν [ἀγῶσιν,,
13.82	πυρσὸν ὣς Ἕλλ[ασι ¯×
13.83	 φαίνων· τό γε σὸ[ν κλέος αἰ]νεῖ 
13.84	καί τις ὑψαυχὴς κό[ρα,
13.85	¯¯˘˘¯˘˘ ραν 
13.86	 πόδεσσι ταρφ έω [ς, 
13.87	ἠΰτε νεβρὸς ἀπενθής,
13.88	 ἀνθεμόεντας ἐπʼ [ὄχθους 
13.89	 κοῦφα σὺν ἀγχιδό[μοις
13.90	θρῴσκουσʼ ἀγακλειτα[ῖς ἑταίραις·
13.91	ταὶ δὲ στεφανωσάμε[ναι πλόκοις ν]έων
13.92	 ἀνθ έω ν δόνακός τʼ ἐ[πιχω- 
13.93	 ρίαν ἄθυρσιν 
13.94	παρθένοι μέλπουσι τ[εὸν κράτος], ὦ
13.95	δέσποινα παγξε[ίνου χθονός,
13.96	Ἐνδαΐδα τε ῥοδό[παχυν,
13.97	 ἃ τ[ὸν ἱππευτὰ]ν ἔτ[ικτε Πηλέα
13.98	 καὶ Τελαμῶνα [κρα]τ̣[α]ι̣όν, 
13.99	 Αἰακῷ μειχθεῖσʼ ἐν ε[ὐναῖς·
13.100	 τῶν θʼ υἷας ἀερσιμάχους, 
13.101	 ταχύν τʼ Ἀχιλλ έα 
13.102	 εὐειδ έο ς τʼ Ἐριβοίας 
13.103	 παῖδʼ ὑπέρθυμον βοα[θ όο ν 
13.104	Αἴαντα σακεσφόρον ἥ[ρω,
13.105	ὅς τʼ ἐπὶ πρύμνᾳ σταθεὶς
13.106	 ἔσχεν θρασυκάρδιον [ὁρ-
13.107	 μαίνοντα ν[ᾶας
13.108	 θεσπεσίῳ πυ[ρὶ καῦσαι 
13.109	Ἕκτορα χαλ[κεομίτρα]ν,
13.110	ὁππότε Π[ηλεΐδας
13.111	 τραχεῖαν [Ἀργείοισι μ]ᾶνιν
13.112	ὠρίνατ[ο, Δαρδανίδας
13.113	 τʼ ἔλυσεν ἄ[τας· 
13.114	οἳ πρὶν μὲν [πολύπυργο]ν
13.115	Ἰλίου θαητὸν ἄστυ
13.116	οὐ λεῖπον, ἀτυζόμενοι [δὲ
13.117	πτ]ᾶσσον ὀξεῖαν μάχαν,
13.118	 εὖτʼ ἐν πεδίῳ κλονέων 
13.119	 μαίνοιτʼ Ἀχιλλεύς,
13.120	λαοφόνον δόρυ σείων·
13.121	ἀλλʼ ὅτε δὴ πολέμοιο
13.122	 λῆξεν ἰοστεφάνου
13.123	 Νηρῇδος ἀτρόμητος υἱός· 
13.124	ὥστʼ ἐν κυανανθέϊ Θ[ρᾳκὶ ναυβάτας
13.125	πόντῳ βορέας ὑπὸ κύ-
13.126	 μασιν δαΐζει
13.127	νυκτὸς ἀντάσας, ἀνατ[ελλομένᾳ
13.128	 λῆξεν δὲ σὺν φ αε σιμβρότῳ 
13.129	ἀοῖ, στόρεσεν δέ τε πόντον
13.130	οὐρία· νότου δὲ κόλπ[ωσαν πνοᾷ
13.131	ἱστίον, ἁρπαλέως τʼ ἄ-
13.132	 ελπτον ἐξίκοντο χέρσον·
13.133	ὣς Τρῶες, ἐπεὶ κλύον αἰ-
13.134	 χματὰν Ἀχιλλ έα 
13.135	μίμνοντʼ ἐν κλισίῃσιν
13.136	εἵνεκεν ξανθᾶς γυναικός,
13.137	Βρισηΐδος ἱμερογυίου,
13.138	 θ εο ῖσιν ἄντειναν χέρας, 
13.139	 φοιβὰν ἐσιδόντες ὑπαὶ
13.140	χειμῶνος αἴγλαν·
13.141	πασσυδίᾳ δὲ λιπόντες
13.142	τείχεα Λαομέδοντος
13.143	 ἐς πεδίον κρατερὰν 
13.144	ἄϊξαν ὑσμίναν φέροντες·
13.145	ὦρσάν τε φόβον Δαναοῖς·
13.146	 ὤτρυνε δʼ Ἄρης
13.147	εὐεγχής, Λυκίων τε
13.148	 Λοξίας ἄναξ Ἀπόλλων· 
13.149	ἷξόν τʼ ἐπὶ θῖνα θαλάσσας·
13.150	ναυσὶ δʼ εὐπύμνοις παραὶ
13.151	 μάρναντʼ, ἐναριζομένων
13.152	 δʼ ἔρ]ευθε φώτων
13.153	 αἵμα]τι γαῖα μέλαινα 
13.154	Ἑκτορ]έας ὑπὸ χειρός,
13.155	πῆμα μ]έγʼ ἡμιθέοις
13.156	 !!!!!] ἰσοθ έω ν διʼ ὁρμάν. 
13.157	!!!!!]ρονες, ἦ μεγάλαισιν ἐλπίσιν
13.158	 !!!!]οντες ὑπερφίαλον 
13.159	[×¯˘¯¯]
13.160	!!!!]ς ἱππευταὶ κυανώπιδας ἐκ-
13.161	 ¯¯˘¯¯¯] νέας
13.162	¯¯˘˘ εἰλα]πίνας τʼ ἐν
13.163	 ἁμέ]ρ[α]ις ἕξειν θεόδματον πόλιν. 
13.164	μέλλον ἄρα πρότερον δι-
13.165	νᾶντα φοινίξειν Σκάμανδρον,
13.166	θνᾴσκοντες ὑπʼ Αἰακίδαις
13.167	 ἐρειψ[ιτ]ο̣ί ̣[χοις·
13.168	 τῶν εἰ καὶ τ[˘˘¯¯ 
13.169	ἢ βαθυξύλω[ι˘¯¯
13.175	οὐ γὰρ ἀλα[μπέσ]ι νυ[κτὸς
13.176	 πασιφανὴς Ἀρετὰ
13.177	 κρυφθεῖσʼ ἀμαυρο[ῦται δνόφοισιν,
13.178	ἀλλʼ ἔμπεδον ἀκ[αμάτᾳ
13.179	 βρύουσα δόξᾳ 
13.180	στρωφᾶται κατὰ γᾶν [τε
13.181	καὶ πολυπλάγκταν θ[άλασσαν.
13.182	καὶ μὰν φερεκυδέα ν[ᾶσον
13.183	 Αἰακοῦ τιμᾷ, σὺν Εὐ- 
13.184	 κλείᾳ δὲ φιλοστεφ[άνῳ
13.185	πόλιν κυβερνᾷ,
13.186	Εὐνομία τε σαόφρων,
13.187	ἃ θαλίας τε λέλογχεν
13.188	 ἄστεά τʼ εὐσεβέων 
13.189	 ἀνδρῶν ἐν εἰρήνᾳ φυλάσσει·
13.190	νίκαν τʼ ἐρικυδέα μέλπετʼ, ὦ νέοι,
13.191	 Πυθ έα , μελέταν τε βροτω- 
13.192	 φελ έα Μενάνδρου, 
13.193	 τὰν ἐπʼ Ἀλφειοῦ τε ῥοαῖς θαμὰ δὴ 
13.194	 τίμασεν ἁ χρυσάρματος
13.195	σεμνὰ μεγάθυμος Ἀθάνα,
13.196	 μυρίων τʼ ἤδη μίτραισιν ἀνέρων
13.197	ἐστεφάνωσεν ἐθείρας
13.198	 ἐν πανελλάνων ἀέθλοις. 
13.199	εἰ μή τινα θερσιεπὴς
13.200	φθόνος βιᾶται,
13.201	αἰνείτω σοφὸν ἄνδρα
13.202	σὺν δίκᾳ. βροτῶν δὲ μῶμος
13.203	 πάντεσσι μέν ἐστιν ἐπʼ ἔργοις· 
13.204	ἁ δʼ ἀλαθεία φιλεῖ
13.205	νικᾶν, ὅ τε πανδαμάτωρ
13.206	 χρόνος τὸ καλῶς
13.207	ἐ]ργμένον αἰὲν ἀ[έξει·
13.208	 δυσμενέων δὲ μα[ταία 
13.209	 γλῶσσʼ ἀϊδ]ὴς μιν[ύθει
13.220	ἐλπίδι θυμὸν ἰαίνει·
13.221	 τᾷ καὶ ἐγὼ πίσυνο[ς
13.222	 φοινικοκραδέμνοισ[ι Μούσαις
13.223	ὕμνων τινὰ τάνδε ν[εόπλοκον δόσιν
13.224	 φαίνω, ξενίαν τε [φιλά- 
13.225	γλαον γεραίρω,
13.226	τὰν ἐμοὶ Λάμπων [παρέχων χάριν οὐ
13.227	 βληχρὰν ἐπαθρήσαις τ[ίει,
13.228	 τὰν εἴ γʼ ἐτύμως ἄρα Κλειὼ 
13.229	 πανθαλὴς ἐμαῖς ἐνέσταξ[εν φρασίν,
13.230	τερψιεπεῖς νιν ἀοιδαὶ
13.231	 παντὶ καρύξοντι λαῷ.
14.1	εὖ μὲν εἱμάρθαι παρὰ δαί[μονος ἀν-
14.2	 θρώποις ἄριστον·
14.3	συμφορὰ δʼ ἐσθλόν τʼ ἀμαλδύ-
14.4	 νει βαρύτλατος μολοῦσα·
14.5	κἀγατ]ὸν ἰδʼ ὑψιφανῆ τε[ύ-
14.6	 χει κ]ατορθωθεῖσα· τιμὰν
14.7	 δʼ ἄλ]λος ἀλλοίαν ἔχει·
14.8	μυρί]αι δʼ ἀνδρῶν ἀρεταί, μία δʼ ἐ[κ
14.9	 πασᾶ]ν πρόκειται,
14.10	ὃς τὸ] πὰρ χειρὸς κυβερνᾶ-
14.11	 ται δι]καίαισι φρένεσσιν.
14.12	οὔτʼ ἐ]ν βαρυπενθέσιν ἁρμό-
14.13	 ζει μ]άχαις φόρμιγγος ὀμφὰ
14.14	 καὶ λι]γυκλαγγεῖς χοροί,
14.15	οὔτʼ ἐ]ν θαλίαις καναχὰ
14.16	 χαλκ]όκτυπος· ἀλλʼ ἐφʼ ἑκάστῳ
14.17	καιρὸς] ἀνδρῶν ἔργματι κάλ-
14.18	 λιστος· εὖ ἔρδοντα δὲ καὶ θεὸς ὀ[ρθοῖ.
14.19	Κλεοπτολέμῳ δὲ χάριν
14.20	νῦν χρὴ Ποσειδᾶνός τε Πετραί-
14.21	 ου τέμενος κελαδῆσαι,
14.22	Πυρρίχου τʼ εὔδοξον ἱππόν[ικον υἱόν,
14.23	ὃς φιλοξείνου τε καὶ ὀρθοδ[ίκου
14b.1	Ἐστία χρυσόθρονʼ, εὐ-
14b.2	δόξων Ἀγαθοκλεαδᾶν ἅτʼ ἀφνε![ῶν
14b.3	ἀνδρων μέγαν ὄλβον ἀέξεις
14b.4	ἡμένα μέσαις ἀγυιαῖς
14b.5	Πηνειὸν ἀμφʼ εὐώδεα Θεσσαλία[ς
14b.6	μηλοτρόφου ἐν γυάλοις·
14b.7	κεῖθεν καὶ Ἀριστοτέλης Κίρ-
14b.8	ραν πρὸς εὐθαλέα μολών
14b.9	δὶς στεφανώσατο Λα-
14b.10	ρίσα[ς ἀναξίππου χάριν [
